from_address,sum
0x68eBE977144fC958286e69280EE8449301f6BFFC,434.1290000000001
0x4021Bf461e695cAf4C416AfBB100103a602955cF,173.888
0x28C01B64F2492D82fd58FEECF8c71603c769BB4A,168.02900000000002
0xA002d299b6D01061a13e8B38cc3Bc7ac4946EEf8,94.64599999999999
0x1914717974224765B85636159d48F46DbbdBdE27,55.840999999999994
0xAA40DADD5b5488bf312Ef50e58F08c47B935c316,37.38
0xe4f683b80e8E141313dd5F2D0066F66e454A57BF,35.873
0x65C6b74cB057F2dB2bDdeb65F3B7Ed23a7fa0527,29.059
0xE9786097E74bD084333996Be509df9197d4bffBB,23.872
0x13b3fF6f1d996eAf36022eA2a92669e1371E46d7,21.535
0x0e893d9769c3210C73843230dd250eecBC8fA302,21.308999999999997
0x1e56Bff5Ea6643985008521650Df481132aAD5Ad,17.478
0xfE0b65C3acD3bDf1ecaB242AC857F73424C55D58,17.467
0x39A9ebc72FA4DC271B308fCbF1C1B185D5d9586A,17.22
0xCaB6C01601302051C8A10AA05FE97FF2E895BbB3,15.010999999999997
0x68292357E9b0B35E08861CcDb53290BDB92999C5,12.914
0x893A83F5521001559883CB9682B15439C023E54f,12.309000000000001
0x786AB9C2eA85eB6cA367d1258016919aA49B1359,10.469000000000001
0xAdA4E6d3a1358D05Bd5630f44d9958dd81aC888e,9.576
0xa681d0EF9E53648105d70698bF4DFdECB3607d8F,9.382000000000001
0x74c9Cc52748C079290fC53Bb131dD5F1D415e0f6,9.375000000000002
0xA39d4Ce10e6B586Fe58374C063CA4c777F1a7B7B,9.257
0x6A9065271055E710116209C8032D2e18e42535A7,9.099
0x1466F5596c439142B6f39723eEd27c117A97f8ED,8.684
0xBB5d6530409FcD0A3526E4C73DC8966c73ff2ACF,8.53
0x8A3f6961F4894e41E37a27A4d9A2d3B73faC0CF5,7.922000000000001
0x41474e6ED6f2Bc2256809ecaa1A22a95c77A15e2,7.4830000000000005
0xcB726F13479963934E91b6F34b6E87eC69c21bB9,6.459
0xceC771B3AB9204c4EB0B731111658e7C8bA539cF,6.13
0x50b130fd0d5cf546051541979734e5e0aEbf58C0,6.095
0xEd0D668DB0C1152353b502Ac617E77b501DDB434,6.057
0x98ecb04542Fd22e1c8a7E7575895710F0C3CFb7F,5.89
0x5E41F23FA26d448BbF957392Efc9AB0EeCe73b30,5.828
0x2E20Df63F5FfB0578cf4ccC223cb3003A50200b1,5.807
0xbdbc9751D73f29CFDDB285EBa08FfDB7B3395dfE,5.7
0xdfBaeeF21396BF205D4B7D23345155489072Cf9B,4.994
0x298E013544c56aa8CD0CA7770b8680FA3BbE0D64,4.513999999999999
0xA3268eDfd84415472D9c30eCdEBa487f865Ee063,4.492000000000001
0x3C37453bbc4478cddc0AEB764f436d2987744687,4.119
0xe1F7E15F3baFE9e2b999bA0758a5238De25113C0,4.055
0x99329a9d73f7136EE28E344Bd85132eeAfae3FDC,3.996
0x49F63B254EA9043E57678C13E06Aef257fab45C1,3.88
0xBF2FDd39f867B1cFe7336C1468F5bb557a6A8fa4,3.877
0xA3deB012Dca06b12a7e9AE06738fCCB4D39a6324,3.8459999999999996
0x1df0Cde978d7f094797A37A6e10757a7B997Ba91,3.731
0x133B2f8476af944c434454695313082215d5c4b3,3.697
0xF8007F2169A781B9122973C88800c6D41BAB1E7B,3.6700000000000004
0xC90EB1063b68eC8D87e45C2C4532b6D13E565c56,3.6620000000000004
0xF9a0E4fFCDcA164e2AbD89C07e22Ee1024f62704,3.6229999999999998
0x8c57D1Fab10D4B78F49ef5C6ABaEB76a63710f61,3.499
0x0F37f7685C5E32463f9D96eB28117CA34BF1005f,3.436
0xF69c4bD64799e7e21829F15BE99AdEe089a8D1C9,3.1229999999999998
0x5280537847c00723a2E710349390bFF199661Cd3,2.994
0x9c57247136f873E7fE0120cbaE911458c57ce224,2.971
0x80622c49403af3fd4CBD80c0bb508b12167fB193,2.967
0x10f7E1990564Ad12F897C3De93b163B38A37bD52,2.6180000000000003
0xF434e62BB100F681DfFafDaAbD1E8eB25053F887,2.531
0x11Bf6CADea898415C515608B58D337941FAab6AC,2.468
0x1a1CAa3F2C66B53aa049aF40B83cf1129CCe0626,2.3680000000000003
0xa9BCE9CF109c8E5E4066ED6484972CEE041572EA,2.3120000000000003
0x7Baae4eab0e08eBb47F0B39acd77e390d4F321cF,2.311
0x7eef6f6aFfb8d30dBfC332e9f3065B27aE80D5e1,2.174
0x553222B267bC978ACa3C28493AEf72d924b264BD,2.043
0x52868Abb30CE6A3a4D15fDe9F82641D27B14cA07,2.039
0xA40F2c85F814827D9bC01D6E2e6328832991076e,1.978
0xcfAAD31AF9CA53f17BeFbfFDDE62F99a3C04e561,1.942
0xc00BdaFae2DdFCA38C87b77c567d5F1891AA35fC,1.937
0x47400da4c778655E7E8b4c72557289321Dff098d,1.912
0xCBdF240Fd07feA726fD2B1693DB3F97566F6252e,1.898
0xd940fb3034Ac3e7f2a942b1A2abb77347fe9b59B,1.8920000000000001
0x4A24fd841E74C28309BCa5730B40679e18C5FcA0,1.873
0x456DA0a1CBA79C3Cb64E4A9F3Ffc5d1a09290e1e,1.853
0xE097C9d9af8689AA9Df75401735e5ac487D6dfa5,1.839
0x9882954D15f500Ea7A63A33479CBE0132B584Eb0,1.7670000000000001
0xCaE4CcfE670F8C2a4999f9dfaF44625110fce9E5,1.71
0x87b675E9219A3B870DF51449268B8c8C2241bF0c,1.549
0x96F05685617D12aDcd79fe087Fd6D0B263c16261,1.535
0xA9deEDBa572029155090DE0eea714c14015c2043,1.532
0x1efb3038DE631CfcE0C0A231952c6B90d5D9cFE5,1.519
0xD01588528B7Ec43CF8d197f82d214fB65c05F250,1.507
0x49d1978DCe1a788A0e33Ac59C004e5fEe4093e95,1.48
0x0421455364dEBc21846A2E75e438B6251b201b96,1.4709999999999999
0x3E7D5EF4C7f4593f1F726C75b1b089520A82edd8,1.431
0xca9A88758651Fb914AdF5F4AfA90C9Bb462c3183,1.419
0x2c57EF47F10bC3Ce20C4E0E7fff193BE3a038dE9,1.418
0xEc6E507B2449E9f4AB6Fa9695541d1Cc8Cb852b1,1.3539999999999999
0xb8c511dC5d5aB1Fc51Fa7a4b521f0F3DA0746c28,1.336
0x0Fea478e2B87820662c3b564B517c69483E64da8,1.321
0x6947fdba6Ee593539C5979d3DC67bee0F178c5fE,1.303
0xf36EA623Bb14015021Ef43e5Db58476639f951E5,1.2610000000000001
0x7dAA8Dd52Ee1BfbF420cE740Fc6e66665dfbdc1B,1.23
0x24a30823bd87E785B0c4B3803a2bffD91eb6876F,1.2080000000000002
0x35eF983C0D040E2DeAeFCe5245F7193e01A8AaA8,1.206
0x5c74d0E217c223cd7e89bFE51433f1bFB82Cb335,1.181
0xA1b99875425d038bfF22571a29D5e791C8a9716A,1.165
0x5f72A70d0C8Ca5E86A55802D50aAe09b97408EF2,1.162
0x15E424aA85Ba411277ee9d7f868ffFC95064c2CA,1.153
0xAE6587b6cA378cC9764ee57653D054b193A11e54,1.152
0x92B886d05c30677F1F596F35e8099B79fdd670Db,1.137
0x639e43F5b44B3c1e8C841cB28D942437337c5C89,1.13
0x58a88fc73d976959AAa5D9981d24F4fDa4733849,1.101
0x5535C48511FaA34bC3666f385b9B3aB93a65f845,1.099
0x8Ea62d5b6Ae7C4C1f15a33a852881b272674cFB2,1.092
0x1e3d49b0928827828f8fBc8CC7cff6Acf311701F,1.083
0x0496f6B6a376D1aa3E1dB8e6fcb333F3246bCB54,1.078
0x3313136b27185D140388997e78155E8A9f24b757,1.078
0x631422FF12fef7435f3f71D8168e614A0740D821,1.06
0xb8B8b0727515C7Fc6675E561270a6359109B166d,1.06
0x85E9326F6c953554bFC2CcCA306180Cd41c09eC5,1.057
0x60049796b48490babb4B6Ef9820BdDC70cfD80E6,1.049
0xAa212D3dD4ab594e44Fd2F8e6c88e8997cED3a52,1.004
0x1649b26eae366218F774286C38a167c1C69AFeCA,0.996
0x146f2Aaa6e6B36Cdf8FAF037d2C50a00b38Be34d,0.992
0xcB15649D7B7a1eb01fb1ACD14809de6cF82Aa1A0,0.981
0x7F460A59F049FE1235175fF99159EC75a6D6A2b6,0.902
0x689021E7174d3d5E916e84fb1d168E2B0d80B4F8,0.892
0x87B7F62CE23a8687EaF0E2C457AD0C22CA3554BF,0.856
0xaCf98b694572De6Bc88eAEe77B9d8efaDdAc3098,0.855
0x5dF1aFe2b9d573D0D23f4F6322C5927c5D4D3115,0.8520000000000001
0x246dc1Bc5050D8f5CFE4660C39a5d3a1BC880ef9,0.85
0xE76f1230c61160206306CB55e524d5843bAD697a,0.8300000000000001
0x6b7Aa5D572fbCB67252165Def631305E00C49f7b,0.8130000000000001
0x27e32Ef9576dc05F4D08d978106fC16351d4cb0c,0.807
0xCa8443d2F918EF0d696Bb11183402642683ED812,0.7949999999999999
0x9e1C950E743ec4f6AfeC299dcDff1bbC21bb2b3B,0.759
0x3d5e4AF8EF2Fb321f4Cf35475e75172155BdBfdf,0.758
0x4aA76De68b2C73087bba7E31F3936d520347fCCe,0.755
0x511956A81457DDAfAF43ee171B872657e36BFc5a,0.731
0x8f2CA1C48e99D4a23e9595fC734eF9f1AC41aB8f,0.729
0xC1f87ECbbA973728a06B6dFD18a2399cCCCa0376,0.723
0x3F12999A9122fD5B254405FB8A797dB162eAAC9c,0.717
0xf1EFb5235308B6736c31532002Fd36fF4ea91782,0.7080000000000001
0x1aFb41E5fD28a7c55C2b30eff6544364dDf0151e,0.704
0x98c7a0c5ec68939D43F30488E673F59B668967Ea,0.702
0x737149DC2C8572a78927D3438e91d4B1ae445Abd,0.676
0x587ed0683581fE5bD127A3CE4450cFCe7E00629c,0.6719999999999999
0x637Bb85f830CFae4b5f1Ae83919cCA896c1fB6cC,0.6719999999999999
0xfe5E004943940b09B69D6B0Ec8B850ad4F152d43,0.67
0x96B25Ea338984F300e3A0F3590d206a9FA2CE2FA,0.649
0xc9F69b00aB541EaDA632e1dA19B71f0Bf82578B2,0.632
0x9dB6a774020ccf08b5Ed0Ed950762a2245392f60,0.629
0x1f9794A6dA51648e45b46ef47C15fF22d8478685,0.62
0x276b2F3eb77e7816d1e57f21c1CFA6A5a0eCd1E9,0.619
0xF3D7459C7F6F75252AAdF594D2Ea74F04B359F82,0.609
0x256b1F4766eea4E02b5cf960a13aF928d5f6c217,0.602
0x54bA36887df439A10E3fa6e6F47e5418B2475aC8,0.594
0xdbFF52676193003c5293A91B243da80892b94Df9,0.577
0x0fa1288c9EdDFbCFb93F484E19Bd2C7564f72368,0.5740000000000001
0xA7cEDAbC04CC2b682B065b0caE017d0efE880779,0.568
0xbDD30323b543D5A7917F32c34eBFf757daB82832,0.558
0xBebAe7CFC138BE7547ff7c7EEF7DBdb25c64112D,0.545
0x6308ee612ac0Ce68e00DBBA12f946685bFCEE3fC,0.543
0x5a3d751D27F6d75b7bd94fda80B8224E42d9cE58,0.541
0xCEB244FEd3FE1EE5f3E7B0d0E5A8850b8F8EF3c1,0.536
0x17542889f48d43E97e70Bc439D6A130c7eD5183C,0.532
0x19F4d9bc8A3E1A59c486E9f16B12CF017481181B,0.527
0x27F42e7AA2f4e8Bd758c10DB4bf0e7Dcd23564cc,0.52
0x5aAAB77e9b3B13C509e7813533FDd5Acdfd1ec9a,0.518
0xdE9Fb8bE0d7E47F5b05B93798DB7be47f9a04fd8,0.517
0xB3a1581B786d724d34377D2A90C6f239887d1908,0.515
0x264226D0463DF45A85dd13000C60D72FcCCdEA49,0.507
0x120906D0Ff4C085C71cD929721DF9Bd3FBe04920,0.506
0x8CE6C312546A7773f94125dCdDC05E4eD630cE1e,0.501
0x64a75fEFd4037B4417f5e999f769bB3564d0178e,0.499
0x3A6f0416fB5678efe6eC415c984B0D64E456E2F7,0.497
0x45F707E26A18547192820dcF01a05aD2712dADb4,0.492
0xAB277F0ADdAbADa86A1222D125d80753216cAAD1,0.49
0xaa1B325cD67528a78E202A79933154d024B812Af,0.481
0xfD102a750C595d95ACE7bDBeD17E8b444891610d,0.476
0xc526fB73C639aaF21AA9AAFe7aC5249C249E2730,0.471
0x26d82ECacE3eA30A8F61CEc406aD8b8df5c7DE2d,0.469
0x975D07636e8cA4d78F77eF86cdbD5F8Cb3923b8E,0.459
0xc05984a372958005ea7bE9c56f1FE5C36a783C91,0.458
0x24db6427d5A1c40261e865550fd4bEfF7BFFe7dC,0.456
0x399d98b1a8609A8C2Fc617a5fF2594652aDdf749,0.449
0x5584aae8fcbb319C811cb471c82B89B5Bfa54CCE,0.443
0xA8879c580A54f190eD53b43d30dE269097aD7543,0.442
0xad1A8F99527FC224C014f6774C096070aDd8B0D5,0.432
0x19D7A7086E3a96E0aa783E59594eFf743eb12aCf,0.431
0x9Fb843E719bfDe2F1C61EF44fb8a03aEdF8Ed5Bc,0.424
0xe2e2764E3cc9B75CB0aD0518AfE8ffCc41D96792,0.421
0x116821e78a0F307a076ecCc9d1f62AeCdb9390a2,0.419
0x4B8C49f01DB94E20d31b14Ff9002b7319cC571ED,0.416
0xF542cf42b9f37a2c9c0198964f66331f2573453b,0.415
0x4fAfE135bD1E751c73BF7f81a1605B22CAe83D2C,0.412
0xB36Fc1acE2849FF58a56c0FD8e7fB5a4C6E7BF8c,0.41
0xd28BA186B1C37C00cCb158f2B870BdA79370cA3d,0.406
0x394bbB5f3020bab3F786c51821508F683A20f72A,0.399
0x2957C2968ebcB91f5683768a9bdC468d08C2a2C2,0.396
0xB70De9859c19530daB5BA742557F1F522207538D,0.396
0xA534EEeA097D3Cfabbc155bAdAA7e09aEe07E343,0.391
0x0B20df16CDBd8F3AC3F9C2EE0309d193D86d7c3F,0.391
0x3cdfF59efC7F4edd3f98Eaf3e6c7086F8F78841B,0.39
0xE7780472db284b3c9847e931ae0f6C2c4Fb45502,0.39
0x60454339e975aC5588e8f67EE756f937E05884aF,0.387
0x9F74B490FC968f1EF947855Fa22EfcC49d14f981,0.382
0xF98B3aEfac3Af24c5A98CBa3aE1c40dA6b713c01,0.379
0x21E539619ff18d9035C2987d0a0aABFfd36ae52e,0.375
0xa62c69F91d0A7229a8f925868d8Eb0C6943810fB,0.371
0x0136B00bE94eD8Ea798F40e37135596337305461,0.354
0xb6B3Fe0848d0831307D833A76560F0f95510216f,0.3510000000000001
0xCb286622D343c459770d2F3E4E21c63a73a69FC4,0.34800000000000003
0xF9946EACc12aFA787fcd2F541337E5453D2EcCe2,0.343
0xf77A7AE533091c1102b2aC8231e393121911028E,0.33999999999999997
0x7eD6Ed28233d19470B4B4af3D37605B7642Ce808,0.338
0x054e195Fb76E5BEaDb8D11b835714F51B19a732e,0.32899999999999996
0x8F51aA2Ab04046caF72D3b7b96F74982Eb69C12d,0.319
0x197008a1D3e26A97A19f46C121482969cEF95b7d,0.31599999999999995
0xAdC33017fE6C5ff0B9D1F92A998b9fA1e928e9dA,0.315
0x2dF0436Ff624acEe146333d91D41F22ae951E809,0.315
0x841AD0AbAb2D33520ca236A2F5D8b038adDc12BA,0.313
0x3e2f18E12fa3DE657CE80e603eBD120443D77523,0.309
0x53C3F2E6eFa624f6678838Ab2Dd2DE5ab5D763b2,0.305
0x1D38Fe61A0c2d79B430eA8836dC5909E49EBcdf3,0.301
0xeC12c87AAEbC0006B4954eF38F922527d29816e3,0.299
0x20358705e3fc76Ff457A837f74FD36e6A4F590cD,0.29300000000000004
0xb7Aa0E8b7A67D11ec26f6b13A70fc0e510F760BB,0.293
0x540fC94b6b24EeB2C94366f213f422833033b48B,0.292
0xc0d55d297BEb81F85A2b0cDB2500D9014e500D72,0.278
0xdeC647540c917edC1b0fc07383a980Cc9CD84c61,0.274
0xA2e7002E0FFC42e4228292D67C13a81FDd191870,0.274
0x1cacab46201ec798d92B5A80B5a89E74559fb03B,0.272
0x8B50D512d2F95D9babb88e3407f06233A7624421,0.261
0x60c72745bDa5e3c0577BEd09032D28cD39445d75,0.259
0x0b0F9f02d9aEF778433dea88C4BEC341D6C86834,0.257
0xA32535ad94Ad1Aa8053E39cf48196588d9c57c38,0.254
0x4Cd8B90c50184f56632c596b42567320DC1B177b,0.254
0x1D48F5C6a1C5c50226dC0d7EfC16C1A46aDB2F14,0.253
0xD2a7D8EC1466Cb3C531EAC23819cA9Fc249F35D8,0.252
0xFC397502e11b8e08935Df2295eCB8A79D2122975,0.252
0x48479F281afE9EAA5d214946d2E31bFA92b74FD9,0.25
0xCb40B8b705484A04b3525c01b50E9d09e4b7256D,0.249
0x2f1BE7E9D6f5AE564f82B7cdD79a3A51222E86ba,0.24500000000000002
0x671770EaA4b019393F67ceF2CC843b9c5F286304,0.245
0xd0b08671eC13B451823aD9bC5401ce908872e7c5,0.239
0x830F4c15480AA516a0Cc4826902443936f9596cF,0.237
0xa8986Eb0Bc593aabce4Ea4f8AA0a0A69483EE5C1,0.235
0x423072B1b2F2B9815133b884beAafA9744D179b7,0.232
0x4319500b08017c40711B58CDBE0dF452D87021ca,0.232
0x9a744842e62F09E4db9401c27D9DA1e5133a8E13,0.231
0xDd96550E893dA394682CDCD102e32Cc79664EDbE,0.231
0xf1163a698ac736760c777E34ee780e9A3DA1271F,0.231
0x0f036cf522122757e9430887552aC6B3f008212F,0.23
0x29d5197ED660583831812121fe1901B99D12e1C7,0.229
0xC160437937849C0d89304C1bB34698Bf0E3B9308,0.226
0x48126c48F9eA786E44e2DA83DE614f601AbDAC2f,0.226
0x2e26F6B308A91B9C1Cd7CfeAD4bBEf40BBA42bf8,0.226
0xcb0872579bD251F009448F1442Ddcdc6C998d213,0.226
0xE78a44AB520E0E54E3d79491250936Accf38348A,0.226
0x21eDd1Cf85B82Dcb887e90D9548C3727f96D5B93,0.225
0xD2F6a18729185f30Fe6e0d845F59144D78954D41,0.224
0x8d391948dc81d695822A24E7360943da6d9DFA0B,0.221
0x925Dc4421c68990D2FE0f5f609549703f394847E,0.221
0xdC9528e73f770C93ed7895A2928D52eA1D18E1A7,0.22
0xdF04d34E2b25C9DB93DdF1F1B487d05fBF286107,0.21800000000000003
0xdd0206010CA82fF22303b58863b3a6f3006C86C4,0.217
0x83350f0628F2ccd5CfedDcdFbc8f79baD241ee88,0.21400000000000002
0xAbd263D64781A01fe3D9b17F12FC95f6FcCB2943,0.212
0xb3389F3eDacDfD48603F2F06895A2B2A8a96952f,0.21
0x5B3b60889685005C1D1dEB269112BC14179c04DC,0.209
0x53116162BB2FC2E54457bA0E3C400Ad16385E9c2,0.209
0xf7c387e007df352F969d5d6FAeb9a0B66003Eb3c,0.205
0xf767A5b8b4B051A5dfDcd390a05F462F08619c86,0.205
0x02db169c78de0898cdc0531bc0e88Df0e891f745,0.204
0xC6Ef51D3C3C4b0FFb6a8D5E8fDbFEceb2548eC2F,0.204
0x43424e49587AaE46066CbC857128b7f5b2138342,0.203
0x07c0a96F2F70B104f433a0295234e4Ec8Fce6f4B,0.202
0x4Bb12cC382E36B4b6faF7BDcA7708969Aed258eF,0.201
0x9bD7a342706231f092AA3Fb70a35e015E67E8180,0.2
0x8F7C1FcE298ca9147b0c1E83E6ac97BA0346d19F,0.2
0x368BEA613Da648F5c490Be6610D52Fe59FF67F89,0.2
0x30171bCeA3DB104E70dA4Ff1eCEF0776021aed2a,0.2
0x4F60f5148283c0b05cF6D2a16676E3cAbc36e62c,0.196
0x124e06F78B85e04707Cb8F2c744D74d81F42F2C2,0.193
0x3e17aDCcafC45911F94168fd3CF36D6D3a7d2fE5,0.192
0xBfe79f87ACd5b339A988C2C02E35d14C9F4A1DDA,0.192
0xaa53851cEF2b2a2143b02AB2a0796f3acA16985E,0.192
0xa9e539deBd203ab74DdA82a22438e738eEe2Ec3E,0.191
0x1e7A67f22bF651A46F85fBA6Ac3b6931D2293668,0.191
0x821221842fD8c25f124165DF51a684A1C433f36E,0.191
0x909F38c23efa3EE543D6D0107e51b5f891586Ac1,0.191
0xD9Fa0a8D7Ed193D1b020f9d4b6888407E6382c04,0.191
0x30c842b5091BCA284e6Ce48f3a07d6957F17B225,0.19
0xB27d4a2da1440b324a6d3DC9D1f7ae844c46c367,0.189
0xF25FE3901cCeDA208Da7f9D19F38abB30D5e7A2C,0.189
0x4EE37E50F6bd6b3e761Ea9ab8d48710c97F2aF1f,0.189
0x1eA67F1cd9c994c81064cc567dE20742703577F8,0.188
0xE55ECBb4ac3861E748Ea20BFBfF2d445C9c00fba,0.188
0xE16285dCf36eB1D2287308D350a38a3D3596D196,0.188
0x4Df8C568A97A731084a214303dA5BD7DBB6aa185,0.186
0x11f013566fceB045286B586dBC73651152286A0c,0.184
0xA496639379888bC2d9b09bEfDc6DbDB9b0aB8072,0.183
0x16354CD7e689BAbFa7208991e310f5C0dbFa579a,0.18
0x75140271904b667962765d7dDc80f778aa5B3532,0.179
0xbad35FA6e368e90fC4faf63507F2D0A2Fdf94BAF,0.17700000000000005
0x51052071AA03F56d4eD0903BFb3E26E86aAc4afC,0.172
0x6EacD4eF40efB3663A42916149ee038b3308cdF5,0.16999999999999998
0x2e18d7645C2503f15Bf74D397f7D94756bB4f9BA,0.169
0x84fAFCD28b5Ab0De1B97Fc80Cd0A0fc90Ce75629,0.16799999999999998
0x271844410e0C78147F6AaF1230a2F53Bc7F45d1a,0.16699999999999998
0x714f51383B0D593CAC9FF567FAa47F20bedAD1AD,0.162
0xd31A84c20bc430aD75E6a1903E7dDbee52211072,0.161
0xF5Af7a662d3328479C84ea2224AF73d44F4a7a04,0.161
0xcc7250f2EA267FBc750157D3c52bEB03bF462630,0.159
0xC00a690623f9b0a240dd14b899d2F0dBD56c7B5c,0.157
0xAc8174209307457AE27944Cb29D720Cb0BdFcE86,0.157
0x12BF47ec8f39C9723D4DC3aB4bE7c7dBbE3E5983,0.156
0xF3E7CFf1EEbc2d0A59ccd14cd6c7549A04E9eA58,0.155
0xd077c9860C5332B07d55409FB98742707137cf00,0.15
0xF92E99A22299af73fac89F8d1d1e171aAfc6245a,0.148
0x9f5256D4B7A87e87505E78226E96A7fe3E7B1d22,0.14200000000000002
0x908C504e45EFe254ad1c44423874fA624AC70ef9,0.142
0x02058C65a69f14841Ec7Ca2711F00292Adf1fd7b,0.142
0xD09e4EA8cB812415a296e0eF2936cc0427Bc95e6,0.14
0x1fA7De29625F5c453Af144A2dE4823984110feD8,0.14
0xbD67BEFc0f34e78D00F761eF65e8A2Ae8d6797b5,0.139
0x04dc7f3E8199F4E5386a354E81DEDD41bEcaBE7F,0.139
0x3F86a3993c330dae0193b6081D49B32Fb21090b8,0.137
0x2d1f4b25a062a87a6CCB1098942f95097536e6D1,0.136
0xa3499200f4273BA1cC66AFbf32620dD6D23Fa3e5,0.135
0x7B2BC02319E8A29BF8deB1Ef7f0D43613ACFEc93,0.134
0xa63ad5dE575887CEFf799e9DB35fE720e8081D99,0.134
0x54cF78C31739B97F87381b19937d13F04DC9819f,0.131
0x70D5400Be5Fa1Da4E92C912d11584E96512906C9,0.13
0xce836f1aCe8dDab50B7cdcBD1F119429B55c59a4,0.129
0xb21bDC8AE300AcaB8b4B19E75fA72F669F85c5bE,0.129
0x5bDbaE7d8e714b234B8Dd3a19B9B97e016d854f0,0.129
0x411d209E4874E00Dd550de43190224515b28fAFe,0.129
0xB40b5337FA15a5B0E7573ca1035cb2F26745dbb4,0.128
0xEEE4C53D23F9327cD1986Ab74Ee6E6D434882A4b,0.128
0x3d9C97137449951F69cBe6a9cCAc6121274a89FE,0.127
0x7f814c526C8E2Ea062f71599A861f5642AF548E7,0.125
0x7CB414C6230CD0e460C1674cF0253349259D6e02,0.122
0x4658b56C048Ea020950E5A37f01fD390ce5D4A23,0.122
0xeEa4b0DC4Eac5D2f12F4E6FB992b80dec416F878,0.12
0x1FcE885C5FC5779F550066Da6d77B4a9dd3BDACc,0.12
0xb6BF181898436F01ab742051Cd46Ef53381857f8,0.12
0x202c5A84660e96125578Ca72D2F735635228c297,0.119
0xed7F5C587D1482a7C9aCC98EEe1856133F2F7f16,0.117
0xD9D3607cb0b1e7eD140f2C3793E070Fb288bDC69,0.117
0xB5Ddda908d829765A00456ebC4849644f24dae9C,0.116
0x177E2fBdE4B8C530D618c833fbDCbb64bB70E49d,0.115
0x88fED84dbABD43b7336042bEAE1eEd9A78463a8E,0.115
0x89E408bCbfe98708df3A76eFE79692385cC62b18,0.114
0x344Ce8b850e6A6E08b51FB8728af66c87a33B8d5,0.113
0xC72e316d149367bABe1234697e390Ed43F77D23E,0.112
0x4566683a61bDb5197CC9d1BccEAb80Ad7c81cE9E,0.111
0x61be5bF7CBe8A0011c799857d83D6e88909aF4e3,0.11
0xcD59B5d986D2755bF91D47c4dBE0CA7Dd8ED3022,0.109
0xbDA710801342531aDb023df62D6eCCdcEe893d5A,0.109
0xa3dF90Bf8E8183A74b537B27e3955BA7D8De199c,0.108
0xD0F55F7E6AC44C9121b655BE7a1E1c425D52106F,0.108
0xd94bA27FEfAa5D995Edd80962253e02Eeec325e0,0.106
0x22a8D39eF6B62B76A8Eb8F16116F57AC061a4c97,0.105
0x2D1a0F69ea53d61b4f74648Ca1db523610784406,0.104
0xe448d9D70eFe95714e38d210E58d458dab0A77d5,0.104
0x9E2Cf2DFBE925B3228FF1bc9d957848763069A9F,0.104
0xa96281418ABf376A5ac3A1347E1044d183128031,0.104
0x1baBb042DdCCA9064eB01A054BcdbF5ceb102592,0.104
0xE6345d8f05B270e739e08Eb4AC557210F83ACF8C,0.103
0x9376707191C18f8FC5A2b845bFD7841dAA2165b8,0.101
0xeb794215E8Ab99e3475CC69f5fB2d983bCA00FeC,0.101
0x9F067B9886ac3feB101b6FC42654f7240feDd798,0.101
0xFAE1f396C7E09F9D401bc4a0FC0251932b696dBB,0.1
0xcDF33a991B66811cD25a42b7887FceAc776CF0c8,0.1
0x39FDE624E251B42A43e2564Ad9fd07160Cb2AbB2,0.1
0xb174b55479c0198e7B0324C55879E76C0d65B28f,0.1
0x7dc9ACC548776D7ee71A60faA2C0D93eB18D71Dd,0.1
0x1aA6bA9C71FD53004dc769904aD8C5095C03A039,0.1
0x83bbe9CFCc205bb8E53cBa0b51d6db9386CE58B5,0.099
0x989c3Fe74A7eB360522A57F76dcc1024dFD9574D,0.099
0x2F39129760b5dd568561A619191499A1f4A353aC,0.098
0x79Bdda65C706CBdA69C0AD4C8da1d3e91724f48D,0.097
0xC41A02cEc11DcD23D4D640A32FD310d633A281F9,0.097
0x007f77B222086052e8aeBCA83F969B012884E49d,0.097
0xe60e52C0C6019C29B8AB298947D9d387502B409E,0.095
0xC102d3C31b2b1160B4474b199CC0c421B3f793B7,0.095
0x445cc8Ed94673E7EfA66D1638e447DDc706bC446,0.094
0xd0159fb8E277BaFb3484c7831EEE3De5f46eB549,0.093
0x2EaB18E8BF3Bff5Ee8BB34a38F67727A07ecD6F5,0.092
0x07Deef8Ad7d095b45de4a2B39CA7D9f8AA7d4022,0.092
0xD30C4b562D2811B141dA6586776E12F123Cb3c54,0.091
0xb5A739A7FA930B5EDF95d5B7463196ef9aC8fBD2,0.09
0x8fa97aae43Ac371fE761215Ab659374A14602318,0.09
0x475b3328C5134e67192df2CDc31bB4E2b5B59dd3,0.089
0x8D17851c043dd69EE8ba1e68fB8300B80e8E7Bb4,0.089
0x0Cf38D7D713DB7BC9Acf993e23b03f081EEcBAd9,0.088
0x458c82134BB1092737aFB85f5B349E13fc68F2f9,0.087
0x90540816847E993E7930Ae154fD5a204cF6A3e47,0.086
0x57086dAEFeC8a2ae6950acAD14D1F6bE4E20fE7f,0.085
0xBDf05a004A79B742734eE04e3bE7cf27EB7048a8,0.085
0x6f29ca78A1C02C5d32C6402828A543D9F38Ef017,0.084
0x5c913285DD9421EDc9d8f1000A35D9bbDF0DCb62,0.084
0xC043af14A90e019641377Fdf8989070A4BAC03A9,0.08300000000000002
0x5278973D51d3Bc8E59a9A0d9E95218bFE4cc4eE4,0.083
0xdcA81888531BD3A3219D978538bd951eFB50DCe0,0.083
0x592467de8e2d90cf2eF255b27D6aCf3AFC32a43C,0.082
0xAfD0B0F6811ec3Ac35955685BCA41a24c58A99E7,0.082
0x8d452c1f4bAE385B13933c83EcFf70D74229915F,0.081
0x3e5da3e1f890C94312BC21a443f06eeCCbCca9f1,0.081
0x00D93262c00311349B21B8982E277F43338F7302,0.081
0xAa1EFB71C754dB022c0250105B7f9f075Aa4B4d8,0.081
0x1d8c1873982a40a849EE4F496EDE81fe75D0E691,0.08
0x150F9A5644CD5578699996B9d9C3140B20c41cB4,0.08
0x9A608d9F416518b5F11acf3dC5594C90D6998e2c,0.08
0xF52D75e54151488493dF8b5bC831c81A03B038c6,0.078
0xb754Be27D4EAb18Dfdd4cFe42b538A80170721A7,0.078
0xc0a3C6BDA6209B4A69FCc4960c1B470221fa0434,0.078
0x4Ae2383D824f90DDBc3f45064038D3eF7B5d97d8,0.078
0x01D9799410061CCc2daB6b1ED11700C23Ee17b3B,0.077
0x713AA0891b17DCB54208502518e4665A4affC40b,0.077
0x71df93Ae5A9a2ba5064aE90b9690b4fa9C413387,0.076
0xfdda125CaE5d774661B1C5f41F1308d11F39AA23,0.076
0xcb436c31cfbf853e142701F9638bE0dbf9665b6f,0.076
0xCD531EfADb2a5Fc230EE1B55a510Faa5E33a2FB8,0.07500000000000001
0xFfE6D9d29480D0673C4FC46da22D21E245C8E731,0.075
0x645f06B605D72Dd77509cDF1646162eB607b623f,0.075
0xb7188386336E5Ebf1263D7E3d0Bfa5E27bEc39C0,0.07400000000000001
0xEBEd9fA5c816CFaD2fd70329e4cCCC1F3322A072,0.074
0x1322E4cB22bE27bb5277B036DC139eF1692125f1,0.074
0xc82176C34226F84d010C9C4CBced11B78346b3d4,0.074
0xF9AC9ddD9886ce57d741abf58c26b8C3276b6549,0.07300000000000001
0x97E060B0B3680efC5802D32d59ae31fad6EA8bC8,0.073
0x2C2Fa8A0B0Aa01169D1F7e2Dc70829572C263d58,0.072
0xD787c3b078D2eba70894D492b1DFf0E2B77eF057,0.072
0x34805d5C3F5Cc0f745Ca19893dFFBe19e4ff1C7E,0.072
0x90682AB7DE70165Dc4d4347F20278417461DB1C4,0.072
0x39e61EC9b520c184977d60C04623896870a7ed4F,0.071
0xeC05181139f0772C1d65117eCCCf0D5E1dBA0778,0.07
0x8832EC608Aa9211119c584fB043740C710dff979,0.07
0xebCE789204e339490F3fF1C385B93Ca81F601365,0.07
0x0ac3a5C2e2e4b6483643781cC8138EA3bd30B9A2,0.07
0x5805EC51c516e3aa9907D2dbfFeA7F267B1baA23,0.069
0xd8844B1661e8D7f22eb34FeAeE49b888be3f7f9b,0.069
0xc73dfD7ea44584BCCB496d4aAa8be5AbdF18c1ea,0.068
0x17e77292071Aa3A8c37C0ECd7F980f6ebb25598a,0.068
0x18b1DeC3653C70B18C99B90f91E6f0dbb5B92869,0.068
0x259f6A23Df7AB0663c0A4bD7dffb84106a3d21A9,0.068
0x79051d1Ae91B0D1eF98fa5F70e1802bBF630b36f,0.065
0xC9F5C353dCA5F16a6345A7dE50701C4d450D09aB,0.064
0xBFe77f7Ff6499F202009C14974B339a8780aB22f,0.064
0xB0c6CE2CFD7c590839939564aD5CeD1DE270751c,0.064
0xc3673ADCaD9356F1B91ADD3D64D1cfe1f5431d7C,0.064
0x6d365bdeef00D656b19b943ea63BCE29583dd0D2,0.063
0x749E08eecb6009Ae94888ba79CcE3EBEa81B40f3,0.063
0x6f73Bc1d445BF195B066f19c421C2DC97247562a,0.063
0x92b64949F00144291FDd8bC4Bd3d987804cc0a62,0.063
0x955B53530FbB3F003B4D8535BF07Ed4bB9716811,0.063
0x26332474DD2fb8c325236088394a2DeE070C6930,0.063
0x9438da13A427DBa4011046653c73F143be8F4060,0.063
0x598A3E0DAF8841FdaAF877F2867b067f5C888f8a,0.063
0x3241A01CF39abf8EE2d2348d190d811383C63658,0.063
0x46E68A7B05b101e26a4B57731E76d61Da7E228ce,0.062
0x2f8eC97A77B3a0F8bFC011ADb86353B2D8211BF1,0.062
0xA2959de5dD044302f75AC1Cf075508A950d4b89B,0.061
0x55842426EcF8Bc5Ae830550e9cc8936Ddccb253c,0.061
0x20aF7316E7bAa5e8fb42fc2f52641A5236c27515,0.061
0x9b9977d825BDB0dB5e1e31E897d3839a6AeAA5A6,0.06
0x19D22c4C5B8d7233BcCF20dE39d152c62818Cc97,0.06
0x5C5f887237882EE7c56fA754B37C776bCc4f801B,0.06
0xe8975142fa65150f38bBDec426Cd978F9d679196,0.058
0xc67CD5eB508e0fb12bAD85A938E63083275Cfacf,0.058
0x53dA6EB29745F119B4FF14d01022f63033A51603,0.056
0xd3B4e136211Bf6a660105DaC0Bdb21E71b099964,0.056
0x7Ea0436E9aCfCC86110a637EE30CC3590ed6cb0d,0.056
0x8eE4d7604c89c93352e8F2ecD095235F588566fF,0.055
0xfDCE5951F9c4A64c397eD3bA8Ed6408E10Df2b8c,0.055
0xe005088AD6e067750bA1773878D95051aeaD3c56,0.055
0x7FB4FD47CaC4B474eC2CF036a3894Ec499C1a055,0.054000000000000006
0x4740CC758ca1bc5Bedf74668706217b37BF7F254,0.054
0xf21ae414c02E02321258A31fa41CFf6A7DC1C36F,0.054
0xDCF9225b0aFa7144dEe78B07028CAe0E89deA49a,0.054
0xB05Ed8D08Af44A4DECb46fb24A27302921bE5917,0.053
0x785DC7204e2Da8694c045e615562e946AADbf914,0.053
0x0bDB7146dd916D60f74e83ADA04ea54C9737d46a,0.051
0x622e4A9d26a73120Bcce965Cc269AE3bAB5e0400,0.05
0x81FBce17B09b3d0bA6d3e3330031B1C9917Fa06b,0.049
0x4333e265A5640af11B8194CF75Fe4DEfafDEC776,0.049
0x789061B6FE0ba1F57FE0b6BeCCCc5511697a4f9c,0.049
0x01D21049C62d2Ce174f541b94bEFB65853DAD734,0.049
0x147eb928367FB359fd1e321d7f72E7A897939FC8,0.048
0x6B6597710aC103F998e77F48caAD882788E24471,0.047
0x2481418E197486ba141A62Bb7EFA9D9cA15cAed6,0.047
0x127c989c95A9da7DA8caCd285D6F427357B6F556,0.047
0x887cd07eB75d28C856Ead2aAA707248227c19d11,0.047
0x922b38449e17eef7Bde8152c0168E8bBb43Cb429,0.046
0xfFc597c44E9eCD53B0bcB783C4cFF3738aA1C184,0.046
0x5602a75e09F12228eD318930D1C8616D6B06Bf78,0.046
0xa7e6e3440Ce5fb24Cd34FAd40c4439453d80D47d,0.046
0xa2b31A9E5d89026Abe81cfa6751bBe42be2bfe3f,0.046
0x81E177D5AF161e8b1A68367eD2F39AD367E1BB96,0.045
0x49c40D1f7EA9D0A164623236C4436894baC203E9,0.045
0x8eB3268b529E64E6552F6fbaEB2171D6Cd3d465f,0.044
0x1157AC6514DB8Fc8628dd166Ef4fcB75CaD4aaD2,0.044
0xC09F2C4296E5b50ECffbCf93AE8DFea3084cdAF0,0.044
0xb6cF08a2E12CC6AD4987d0F83284d6dB7778E346,0.043000000000000003
0x1e6ae0134b057d0B220958Eb5AE679EA3ac2F40f,0.043
0x0BeC8034d26545c7D81cdD9c9b8a32a5adf38458,0.043
0x03894d4ac41Dd6C4c2f524eD4417C90fA46972c6,0.043
0x2442dEc8C1B253E6c389214256350201C92f2B76,0.043
0x7f1D18E37e8FbdE9534D5856f90D21a05B094539,0.042
0xaCaB9326A52382765c62C4486681ef6e5196E029,0.042
0x43e5c80f0c84B5b2F4071b160C59c06aA6c7733d,0.042
0x9f88Fb250c1671177D1Ca320D50f4476672991B3,0.042
0x64937ab314bc1999396De341Aa66897C30008852,0.041999999999999996
0xA12aC74c615553d6D167754195D9C753aDc53D06,0.04
0xf7911bfCc389c912a4207225Ffa9bC0BfBC577FF,0.04
0x5C5c76C31123bB8ae731116DBE61C5b1836f63B1,0.04
0x010F4576D3AE83ef9Ee340BA67dabc507A1b91bf,0.04
0xB3623D62FF30fadB5B2e127C07cab0D1b0808276,0.04
0x4Eaa13A69b6a3aDa7E22775480C95Fbe5C72e93a,0.04
0xA80C0a04BD5cF320e977fe4A065aE258E88DC505,0.04
0xeD56446d25a1F558B417C7Be11604C8e4A50129a,0.039
0x24dc9F8bb95Bf9073B44a7e3A09DC3045D568D88,0.039
0x74b993b29F0833cbfF05eC6cA1D8513079bE6523,0.039
0xd0812bd5eDFb52830A32B773bA1a6715d0FF7590,0.039
0x1AFB7ba8e4cF8DdF7F057484DD6A8695951f76F8,0.039
0x7D31A4758267d65AE9A9Cc68700FD00279B463CA,0.039
0xA420e935CBc7EB454Fe944704bB41bDB91fE89b4,0.038
0xD2658AF2501f0f33c95c82b32e5D11d1DF633242,0.038
0x011f4fAb145210f8Bde8EC77CB360CeA0949E262,0.038
0xeA14f9A57B1e3C311593E421d1f05C8218fc686e,0.038
0x2c2e209465D5312e6dF0cd5F7D1066f1aff9a953,0.037
0x556940Aa64A03686Ef9E1c71F50F4096D86176E0,0.037
0x756C51751Bb9F648d882C7a06aA8a3651b1345b8,0.036000000000000004
0xDf03792e0479A02f5e9c856d6Ee9cE25F1A646Ca,0.036
0xCDd46b5736a6d13eDB4A31a97C80680038FE81F7,0.036
0x021347565515e576Ef931E404d628DA613d785b9,0.036
0x53479395bFfB599adA761D3D34d7c3Ed9e6a4DEb,0.036
0x42A93807f9D1AB0A07DE677C25b8fB088F957a19,0.036
0xfAEe9113d65b3433067137540b40efD5BC873C4B,0.036
0xa0E6a76ee49fd8a2f44FB1A6d9C1Eca0F751D223,0.036
0x77B489044DB12AA28dDd49B263ED8D42E2D91449,0.036
0xcf34097cC43aea22cEc65629dDA60fc0508049aB,0.036
0xf32555e6BC9A2dC1b12A984fb68d6E116F47168E,0.034
0xa87134A08425f841dF123a6D9F639c4D65Fc7C64,0.034
0x5aBF14Ddcb863E2709201aaf932f826a181cd2E7,0.033
0x5DA10d04ff807EFd57ac397d7576dCb5D408d7e8,0.032
0xBcD397bc919fb1f8b668bE8272f2879BF546d481,0.032
0xa7Caa5Eac3B62Fa32b64d962226Af23A2B5A526B,0.032
0xEb33ca12754cE30ADC16a56a99d6713d1B1bf4b0,0.032
0x6CFa99B2352163D70bd52de24CdBf553374B9335,0.032
0xfD4e9F6c3D196A44ac73D51334DFecfB2212590f,0.031
0xB055600E0Da3f2d629B8874f1Be95c2568524591,0.031
0xD2669011965DF2aABA58bf032d9191eADBb68Ab5,0.031
0x170871e1Dd7de812E8d41820e39bEf83814a691A,0.03
0x430091Ab5785BA92A0236E891465d779C53d7b8b,0.03
0xA1bF0B4dB89c0dE39d01d82Df30946BBB777497A,0.03
0x56272b81B74B4509dDd935E9AB33D38a1fB076be,0.03
0x0711Efa8b3731Ab6053C8DCF338d915dee85B6f7,0.03
0xE7F9C2C99f08ACdcf685aEc0850202457813C8de,0.03
0x91f3Ef7f12dFb7EbE77Cda3F8Ef211D6C030d4d8,0.029
0x471ac5f02c4cEc7032206D686cC9450517F99d99,0.028
0xea9D4527aD5764c6D61D314191C7F0f288D6d0Bb,0.027
0x259e378CE105dA83eD8d26784eb39afcc104e135,0.026
0x2598d871253d77102842D85B8EbE7c534F94FC15,0.025
0xD45F0805D99B8a61bB0320Ac2d501DaCf4517249,0.025
0x97CdbCA3172B49090E2EBc51a971c05C7F97ECbE,0.025
0x403D30FB89d5411c6B2572707F341204Bcf0FAe0,0.025
0x71dc921f1354Ab555201c6d2779A581b31037AF9,0.023
0x6cDE3469A47D4583656483a65973B912934f94d1,0.023
0x77721391e61011CE838704137BE1a4429049Ed38,0.023
0x2557eE091456cA63214a004E62E39FDFC33c0db1,0.023
0xe879205fBA1754e4C50e5237D5FcDD9411B3445D,0.023
0x4aBC58298119dDF3798a15C9D7c4f384c5B7b3DB,0.023
0x1C8cB93e072b3d4A56be030060d2d11c8E79CbCd,0.022
0xb53daa6E91d0e09eBC522C12d614E0DaB8F75568,0.022
0x14893803D72b5B1Dd6D121e9E89ec4D3fbca9CB4,0.022
0x5FA756c548136ab02222873d50e36dd880246b00,0.022
0x8669a83262191Ec52d3B498DEF8Ab8486666e306,0.021
0xcfcb2540Ee2Ab76B4c6327cc396E7fCA3a9bf970,0.021
0x17fC9782643FE21d0dF4B7EFF22D8AF043222031,0.021
0x0e978A55b63b6f2deCf629Fe3431156A7Ccbfff8,0.021
0xE58564b8Ce8344AFDFE3a111bC0B541ee7F5f7Fa,0.021
0xDB05Ad90185348d54Dd730f5c6f47e01F2086f57,0.021
0x3818258d808c1ccb256a73845b4fDF9CcB8e1895,0.021
0xF77674393E9FBF4D739e95c6105CD370A04eb7aF,0.021
0xe8a0C75497df5da42959D777cF1B95661999E0c4,0.021
0x949F19C8b191A42E04d144f7134857553d92f194,0.021
0x64cC9b2DEa801e359a3aAF2AC7166a565062FC9C,0.020999999999999998
0x37aC1fbf5C0f0b717A760bCB789C032BbE1cDEdB,0.020999999999999998
0x6c682161312E0FcAeA1526A55455ACb084db080C,0.02
0x55c55bd253365f784Bf5B97D8Ce31940c5d24a5A,0.02
0x95B184e4645485C86C76756f0592B61A1FDC921c,0.019999999999999997
0x078458e828BcF4D509F296291649574105aF75B7,0.019
0x1eEf67F939D55785568926b664F26b8639dd83d2,0.019
0x5aB534fFcEa94A958BC82f470245D043174AcbfF,0.019
0xc91D6f29c737047D17694b7e424F96952817E6Ff,0.019
0xD0eFcd2e5d9bE928586fAaf5F3315F88f30678CC,0.019
0xb63aB0ba18055bcEd04B46BC5CC8d0d9dF3973B3,0.019
0x8D927D57d24f6133730eEBE1BEDa79B90BBD9f24,0.019
0x6877828D2919CAEe98f6a51C52cb010655F7337d,0.019
0x80b228808150f6EE3e8f58D7682072492d1Ed669,0.019
0x573c452DAB249cFC6D0E0a0b41488DB50aB40C06,0.019
0x00b08452745E13fF02F2386aAB579C3bC209303f,0.018
0xfd64d576950B08576a05e416995f336E01Aa507E,0.018
0x1D7f204Ca9Fcc11733fe6F465EfaCA071c05D50a,0.018
0x83b63e4e6C4189fC347fBC02924082Bf115E9416,0.017
0x4B91819227e46B26358Dc8a609C062343e5a9C4E,0.017
0x55EB6eB9177a8E509341EF4514A2B9C88B9CF229,0.016
0x2A17bf9B3e415586eC623B00ed8086de8099c07d,0.016
0xC5cc64D9bf02c338C74C5155c557794042f10Cdd,0.016
0xCCA0280916BB0CaDCF4A9A61e9f97100c3740e51,0.016
0x03899041dD562E8612b6aB6870322217BD4BFef8,0.015
0x08553679999DbAE5936AdF927f7cf23fbc0B56E4,0.015
0x869201F5e3D3D2f899e87b2B2Eb3fa8D3c0bE9aD,0.015
0x67d3aC9982a9D6F8063470D484719CB9485494D5,0.014
0xA6cAb323B3780965A9B74D594e5D87eC7Ea8F799,0.014
0xa2FB1c3132FdB52d13791CC00E43f847B7AD6910,0.014
0x64ee1B42F5083A9457A4E9dE1ec7acDE3E846C44,0.014
0x8a2C16eD1ac0A52711B3f04dF21f1a40D99c0Ef1,0.014
0xAb4d9098D7D4943f111F386dfd808fB780958C84,0.013
0xDBcfCF489FAA6A6D068BdD71f130da5F1526d51F,0.013
0x5b012D6620867979Bf0a8729207CA0dcB0a9284f,0.013
0xC47102102b284218D79F69A746bA477c57Ad7fcc,0.013
0x94d00d5FFa4838CE422F3f1B534429D5A34bB0FA,0.013
0x1b2b21B336d726dd8Cd6cA63A91D7a22608a4fFE,0.013
0x954697FF3A165b7fd04cFeD510A5c5A8F3FC1D2B,0.013
0xD9e4C45C4471F63420E434756C5026286D28fbdb,0.013
0x0f59B3D10B5B5c283509Bbb1e41F54dac4752E06,0.012
0xBFE5b2A3846dBFa3dA11aC2EEb108F3685725B56,0.012
0x552C52ef31d3c2e62C53A92276e4a7f2921675eb,0.012
0x9Cc2EB8801f102Df5a28a56a3701e3D5DBF22A7c,0.012
0x62C4DB89876778dB9372ce412F0D5688AF144348,0.012
0x6A8b6D874d5444eDcb2B096957A956E6bEb0b92B,0.012
0x346E26C7e3D936bb8A3c9f20C2B4aF1646a72a5f,0.012
0xCB2e511709C64c8057E376433e213467629526b4,0.011
0x80D34DB7E9d46c148ab7563625d082EeCa81FFBb,0.011
0xE229d80fdda6008ABb6aCc880556032c757F966d,0.011
0x07F7a75aE34a25e73B98EDCbA1885f9bBfab4b9c,0.011
0xf8fCb6A62a062F3769Bb70d9A99ce8A9f21B5f17,0.011
0x9b6e209e2F9a10Da931D4De8BE17F8b329Cd5208,0.011
0x0ef9761Bdc0d5cf4bBC14F4613428f8437b5e732,0.011
0x4B3F6BF9D6a10A5502c4a8c261be3BF8a16Dcb4f,0.011
0x90e06d2d9705c181Bad2A4e7c3DcA13631a6f479,0.011
0x325cbFE32164752e7166c6bE523bc22F08b940F3,0.01
0xD9D860A621535087E5Dc4DB775ad723630c34c75,0.01
0xA4379469a2893B6D512E30102703c1b9250930fD,0.01
0xAC7B03cC11292E37905A684dB84Ac1db031ffD48,0.01
0xa7D6096881de0f50a34202BbCa3731fD4E3625C0,0.01
0xD0B02C874a864ba681F4c873aC3eE9c16724FeCC,0.01
0x59fE1bf4f252090Dd9A351ea78E93D252a2FA529,0.01
0x91dE0E4F09f09ea6A5062209CB09af70cD5B7674,0.009
0x4d362Ad385F9c989C3105E051b16295eF823C615,0.009
0xE11E5A1257180412992C10DfC111c689eD45266a,0.009
0xCF36aa16B6571a0BB1cf3F83C9486B70D0ACa9f5,0.009
0xf15E6BC2A1f080A1DbC31B0070d333ae5Ff848DE,0.009
0x533d58b0e6F7Aa37eC79664E67acEFF9844D8765,0.008
0xEa2f996AFFA4F941f92FC7bfBf9973fEA252F0e2,0.008
0xB2c2859eDc01CfE7bF89358E4Ac748b01e0798A1,0.008
0xfC1f9dfBCF225ADb4cDaEbb4AE3dD4C245086b7D,0.008
0xdF1C42551a5dA030ba64C2DCc5015B07D9773296,0.008
0x5E7E5D4D7873f5D12Db69BbF77cA7ac08744311D,0.008
0x7dc8a0DDF54623463375EfBD3f3FF52B091b869E,0.008
0x6b5f4D9709C64d16d086734416a5ff3bcBC35606,0.008
0x3B19c0D3d61b164870AfdAD94873f1367D0a12A8,0.008
0x3b6A33Bd912F244466329138CF5528e9EBF2096F,0.008
0xe8ff26A29b125Db9876F94e793DE6B7491eDcfCE,0.008
0xC8b395Cc59b3CCDB9dA62b3bf624cf1c9dEf2238,0.008
0x7ac6412f467D0C40cA25FdeDb133B92842eC9595,0.008
0x227eAfa3586a149DaB8E1016bB68AA11504A00a7,0.008
0xE7B86E0270d61745566E66DE0F41822ad9819EFa,0.008
0x759ae310Af16D93500edee00573F222b54e2bcA9,0.008
0xF6d9194d795Ea1C37B1Dc2A24cF2D8e2946BbC58,0.008
0x2E247BB96683abd0444E0BbEe2614bE12E4e327B,0.007
0xFD0D1C3C2A10951e82f465df4eF5b0eeDcA58FED,0.007
0xfe3bBfC82fD5bD555BE9179C9bb8cDdbbA384b62,0.007
0xD0696B6569BD41BE7026F83e3046ae9Dcb424505,0.007
0x66f577f8B9980181a2e48b2c1bB0A3dE1C097D7B,0.007
0xEBc0470b25FF1A90Cf8E84D9F496caF851DdadAd,0.007
0x63EE214a106E9B9dD8C8B3c814aBa20c916E64e2,0.007
0xE09B507a9E06c49805c8A1E6A696e8bDE6AaEdD1,0.007
0x37F14A919dCf2a25b2ad833223B1A36B4Fe69E47,0.007
0xb4C12F8254F91940034249DB0Ea3DC1984612894,0.007
0xb9bDaCBF71b9D9700c6E2b9F5d561CeB8783956F,0.007
0xC3B83fEbBdf3B3fFe774161Cb535099c65cD7fa4,0.007
0x96fDbac3799737c6984bc956CfcedAc58ef274a2,0.007
0x54ACBE2cB0d645c22534E6bB7069A90BcCCcCa61,0.007
0x71C45F9985BD47714308C1cd8Fa4F6EF2Fed4EC5,0.007
0x5Ae888D461A8EB0b1283CA711E36E1472D4189C2,0.006
0x8fc60a7Dce2d7CCdcCa374Ec65B079F9dBd136a5,0.006
0xcB55c3316A3895D27437A32a449E9fE11613af6e,0.006
0x93e79cC5a42F12ddfe73262FFb1f9535E263b27B,0.006
0xeC46969CF685a5C2ed34aA6DBD23E16B95342797,0.006
0x5B9550F5bC5E3B1d82297c7683a84003158465a9,0.006
0xA00F3667C2B508cD1057b1151fb95eAB2128F17f,0.006
0xD8A5eB7681396734dEF95069648A11C8A05F7219,0.006
0x77Cd3e513441d5fbe46fe4E89530667b0f530F6c,0.006
0xE76baB651e6d6b571d8C11EFb35a1633A4b7EcD2,0.006
0xc7e29B3321B2583c4136e06E72BCaa45512616B2,0.006
0x03656dA9Ce4AE3fC37CF5Ee491555936BA35CA50,0.006
0x2162FEB49E9Efe2506DE3273f4edabe09d36cbAf,0.006
0x16A3b1D92aD555aD0CA8FDe1B700d3a16C490B4e,0.005
0xa1D31b88fADc38761B148c6c9Cf040476a03AEad,0.005
0xf53730896Fe05abC0AcD657CA6209A1A80562615,0.005
0x0936106A11931375C231427b9C764d3647142C75,0.005
0x08F76dFa9E1f04D889DED1eFE941f6d9E2B3E429,0.005
0x32aA35127B9f7Ba20b7B925CA9ba4a2a26d272ec,0.005
0x2DDEaeA2622114fB473aD1194c0C550f3cF6f486,0.005
0x179d6656f19e4F644B34A73219944747746164f9,0.005
0x052Cdf516EaD79289EDD99A96893fa9AB5030Ff3,0.005
0x2154eD4516Ac072BA087a72f5Dfb5e7a15c3d2EA,0.005
0xb0e4B6B7cE1D73D3e79b0Db8c0EcA5922E6CEd28,0.005
0x0BACc6E8F4f8471ab86221D7f827E4E0C31E5268,0.005
0x6841523323Dcf953c884f3ab88F3f6d934CBd0Cd,0.005
0x2BE6357B0e72d2b9bd81841c6daA9478Dc62E8Ad,0.005
0x5e6A8C502ABAAd07c8C436823b0cB702Cb87e1A3,0.005
0x12F61c58673F6b9C30Ccc1CF154e7768B4643D6f,0.004
0xd498f99BAfD467C5D06556D433Ba89e52686F74b,0.004
0xc6404f24DB2f573F07F3A60758765caad198c0c3,0.004
0xeAEA54694C3C29941350067BDCAeAC0C2fe9c437,0.004
0xCbEadE6C407436c4717F98B555F0d53f719142A1,0.004
0x13E4a1ED3f9a906E464521CE8558FED89712b597,0.004
0x68F2DD4a5Bf9086CBC1620a6652F766D969d08C1,0.004
0xA67FDcE246f7d442BDBb3d9e286D4d5a59bDC8B7,0.004
0xBb9958E9Cf619848026D0e85bBa80eb52dc3389C,0.004
0x7f229C10714Ad14CDE790A0787642401017c4e74,0.004
0x11315Cce8f009e4CB4234FFEAF2E860b84E5b0f6,0.004
0x9A1cA9F181f580C2463Ade82658759E22c5618F6,0.004
0xb69ADef1596b2b0f600452581C786E3Db7B87De6,0.004
0x3A068c63080677CbFF26084d1E66d4841a908C38,0.004
0x8Ba177324907aE9244b68D30a111C36506A45b17,0.004
0xA2c21c71a86Aa9ed0252cEC5e0b2070CC119E8ec,0.004
0x17564734b5225fD427c227BEB8E349663699B477,0.004
0xbAC8464b2041537FE4Dd2d38f8C08B2851dEe708,0.004
0xE34b7EE21e7EE5fEaB1A0d9B84A8fb8bFBdEbcd0,0.004
0xEd32D1F0de8F44aCC0A6f8DF5ffB69B90000385E,0.004
0x07C88E02C7D8333F5d3708A3c3eB183D8E1787aB,0.004
0x924bdE4Cf7CE16cd40F0Df2d2bd1D00FdDAdfFA0,0.004
0x0329De16e97A198439b8BDbc34Cf0f95AcC16D4B,0.004
0xCB2250c1FF96a59083bC14716E3642BF9e6E4435,0.004
0x4971bCaBD6641114Ed880124bBdAFA509293A0C7,0.003
0x904A1a83b8Dc36d518ED077E7c3FdF5B0E9568F7,0.003
0x0002f95Bc5D92B33e2f70EF99808c57637355484,0.003
0xF333d9cd6E8D7933003Ce60420E8e2f2D38957a2,0.003
0xc1F58696369eEe0Be6fBe60CBff7a08bD0a8537A,0.003
0x9A83c8D8554c015fefa25efb0f368148874C7B54,0.003
0x83b370641e1f1F45F6AeeE76B623BC2642BCb97F,0.003
0xFBaa1d8F54C0d66f310368d2B62226CBE68614c5,0.003
0x80df8c1459935fDb3372aC4d9C76F2d9B59B90Ac,0.003
0x83ce67982037d8B8b56ee137f7812a2Ad093dbD9,0.003
0x3853c1711da808BA3bD773ED43785AdA08886F05,0.003
0xf23391C257d42718bD2b55255cA2cf86a08Ec490,0.003
0xA4FBcc05829FceCa8319fdf9b12aeFd237236B92,0.003
0x3Ec999aF4f6711BCb67916BF3124B34359f7B5E9,0.003
0x9954aC16a4c8BBb123cd008B7BaC153201935eaA,0.003
0x764721CD987d92439A643c8d88a4a2C1e3862125,0.003
0xB2d4b15A5ECc250B5b79A953396D3191DdB0c9Ee,0.003
0x6133D4Ed7e7CB77e5Ded12B41Dda78614db7599C,0.003
0x4cE91c04Bc35D9A24a9aE76E7fDD339a4942779f,0.003
0x5731B27108cD891a3D599B3267bE5304d64B0A72,0.002
0x35023BE0F0Ba1D2073839cC458BF69789E0aEf30,0.002
0xBCf128c44cBB52A14C395a4E5B66591902cf8bf7,0.002
0x4C931f43429B3bE27606A7C8820c80d2CF4e6359,0.002
0x4031295DFF2d1ca99E44774e4e6946b0081BbBFa,0.002
0x490D1f471D0fc922aa1FF6f64C4039b1827738e9,0.002
0xbA69e817DCf03eb05e7d2115788C5e1Fe7E6006f,0.002
0xa7d3683e83E4ac4d5376b3Cc5A677b665cc0B3F6,0.002
0x360cEBaC3453204D44032d4E4d2c9896DE48a85c,0.002
0xAE699e2c6E4Ac9e4D486A5777f4f4ad0b69C9602,0.002
0xf8cA4BdC7Db06Ad819fE8AED62Bf5fc9A13831f6,0.002
0x5C1C8508543c416497ACe6D96AdF2624D5D96c03,0.002
0x2c22a428D6cdaddFDc8e6E7Bcd73B5E8eE9dA092,0.002
0x5906E15C9d92d88a6A2e710c431E4D977529A780,0.002
0x95e03A7dEB675A7D04c6029eAf3a98D4Dd3370dc,0.002
0x2d185421f556eA40Bd67F5512cca15F2a793BA55,0.002
0xd161e9Dde275FfE3b46cCC148f6CEf941E1b9bEF,0.002
0x17E9283E1b209F2BeF7c8b611Cd7825acD82E06F,0.002
0xE19138925c32EEa03dD179Dead1E78de762c594D,0.002
0x0C8Cdea8e2E53eA2059077670aAa551d10776195,0.002
0xD6E171383FcF738F6727a3402D565451E175FF6a,0.002
0x9406d87Af67cF33F14C5aDeEd7dD2CDaEa85aD14,0.002
0xdDD899f1A3f889D6201900fa7c7D35f92de5EFae,0.002
0x08bf7233fc749a55aD990afbEd3e7adF03b2b9c8,0.002
0x31fdf33e75000121E150A12A340e2e3c4EbF57DD,0.002
0x3C57287fC87c9fC575E84b2809726C5ed362D20d,0.002
0xEC23e1C26d50657BadBe320E2d6C8f97145111be,0.002
0x13d33A609082B58C9b018074eca66e5573FB7343,0.002
0xAA7DD0A917bE7a15F81EDFFf811377f3bf9c43df,0.002
0x3aBd7c767A4429D8C2D5F3e9E50442Dea563F80A,0.002
0x632F8B12e340651105957DfcC8c17359c4a16f50,0.002
0xCFB54d12E28a2021b1Cb3132EB0fC85d255B5736,0.002
0x0B7C8083FfDC56526C8DBe706ADaa7f2F2753885,0.002
0x23461e24F1D7601a674ab672ADEE0b4459302214,0.001
0xAe7B43956A375d3989771852d3951142675584ea,0.001
0xEebA4890cb9cfc33AF38d731aF425060DeA849Cb,0.001
0xE610c6de59E10fE84d017B3141F8c0f23a325d30,0.001
0x406ceeeFa0261873013b4CdAaF2E8255b67B62a2,0.001
0xB0D2CD7Ac5Aa41A9AE43abC192BE8fD8df2605E0,0.001
0x6cbf9Fbe781E7d8AEE990c61D27e50962FfF8438,0.001
0xd7F6693A609B5356cD406ba794C0cef749661a2a,0.001
0xCD3E5BfCf58B3d2FDE548Fb95afcb96a1C7731B8,0.001
0x758d9A820f23Ab1E83889CE66887e30B46A7DD47,0.001
0x6ed655ED54910C1f85391f8e755F92927A381439,0.001
0x58c4af3dDC93C71Ee4f550d32adAf2D2AB921C96,0.001
0x3D38815AC814f39285D3243d64cF493e1dF368E6,0.001
0xB85Ddbf4ad35aBB714a46a0F9efE658bec457693,0.001
0xc60D0c12c584BF3fB2F1c3E99a3acC7D4a0C9C6B,0.001
0x60983AC63addA610CFb068060F33ff2CF72A5065,0.001
0x7e5AaC64aca346EA03cBFC8927e638e0C175071b,0
0xA3F539a018Ac665243Ef188cC12c027c542a91A4,0
0x1E379e0ecFFdDAfFeEFad48b811BCc873C199e28,0
0xe96aFF16b7CaE6736C453100F74946e300BC1282,0
0xF39816F2785814ee08a8F97Ba6A1c6649892BB0F,0
0x5087ABf5B760bB11d71f3fDd91b8059E1B2d2A0a,0
0x7DD917132cED21E99417DE2991176bA8F9A09B55,0
0x914f241939103B4cD7545E64A46f29086ff351a3,0
0x9E790578C6eCB770cE5009eD766d5640A5607370,0
0x83d4d7Df2BCbBb9826b44Ef692619263Bf2089e6,0
0xB3D2ef36D4CB68120792F26528942E15F1c57A20,0
0xCdEca591184Bf914B70472c2D79267B480695217,0
0xb3297A80bC1033c6f7b3474A59121b520eECaff4,0
0x1e10e6C8C78A96F5d125b9e134b6BC3E958759e2,0
0x0f58b26be17a6D8D68D85839Fd3116A497cf15Ed,0
0x301187BFD7F9bC281ed998a96328fEcDBB697c17,0
0x01d3d00D5117Af2e214eF0c404e6D06E722a05cf,0
0x212a6b789C5f0545d0895bB720035B98C7a64458,0
0x4Be01D606647Fc5033E06EEa11725D4A5Ee39853,0
0x139f2916CF105A494EfA59645BdC0598A5D4C256,0
0x79e699698BA79959Cae4c1eE5eeE872df3E2cBAB,0
0x7EE85eC0744FaB13ae27D21695338d08E55f0039,0
0x043fa5380c4Cd8C30900049Ea38F36A09176c65A,0
0xe1d9cF4F8227292d5d7A887B4044F6FfE2FF04d9,0
0x5c43c4EdF9c37452e987bdA464a0cD6806d23B0E,0
0x01e8f8281e4d32fD5458c54C08f8c01D483D4E4F,0
0xb2859e7f1860356f08b8Ddea2bE74cF5a49a543b,0
0x64e752D9342AA8Ea1bB428842CD4E1e8Db56A50d,0
0x5dca3693347F668488cD67f20922F7C650ED4deB,0
0xa81698817f79d2894A5EE806d3634A3811C6abf4,0
0x4d071E7c9cD74CB560549FF5e990C35c17C87A92,0
0xF7e559f8fE3D46eD01Fed9fc597513a1F14BCfB5,0
0x682ae8c498Ca3685bAa76654BC71E5F0D532644A,0
0x9a10586aA206a401Ba50A168a847686d1E500dC6,0
0x70D3820c8107f18fE523A33689212663C8283352,0
0x31696F587B77B8580685ef3cDac8087BE6a008B0,0
0x124E06B588947027945d524c2e6034449016CF1A,0
0x23F2B42b691Af492816D840c0279D1057f07e2Ab,0
0x4D4AC65513fEe380c596ac9EdfaC588782831bdf,0
0xCd6c653FF9d56155a30A0C4b5Bc67C69388271B2,0
0x407083c9e446203693c04464B0aCd86fFE86f1Ac,0
0xf6e20c0CF1Db5ac65421AAd7b2159027f883FCaa,0
0xa08fC1427D3785fE71ddf40C7af93e16F40e36e3,0
0x78894868aDb6D0ba52628d7027f36c105eB617e6,0
0x76fb696413C657a9FEDc14F2d664b700440ABb18,0
0x039BfeAf386afa4608E27c99b7130B229F6Aa3BD,0
0xdAaf659400E49ce376CF5De5629cC4887fdDe7AF,0